,City,Cloudiness,Country,Date,Humidity,Lat,Lng,Max Temp,Wind Speed
0,toora-khem,99,RU,1603251245,77,52.47,96.11,34.81,2.98
1,airai,13,TL,1603251245,35,-8.93,125.41,81.61,4.59
2,manta,75,EC,1603251245,78,-0.95,-80.73,73.4,12.75
3,sorland,40,NO,1603251174,69,67.67,12.69,37.4,6.93
4,markova,96,UA,1603251094,76,48.68,24.41,38.5,6.73
5,saldanha,0,ZA,1603250947,81,-33.01,17.94,42.8,4.7
6,ushuaia,100,AR,1603251247,86,-54.8,-68.3,39.2,8.05
7,vao,86,NC,1603251135,84,-22.67,167.48,73.42,13.56
8,castro,32,BR,1603251247,95,-24.79,-50.01,61.12,4.81
9,bambous virieux,75,MU,1603251247,69,-20.26,57.41,78.01,12.75
10,lavrentiya,83,RU,1603251247,92,65.58,-171.0,38.5,7.18
11,geraldton,90,AU,1603251193,56,-28.77,114.6,71.6,17.22
12,mountain home,55,CO,1603251248,74,13.37,-81.37,82.74,3.78
13,deputatskiy,98,RU,1603251248,95,69.3,139.9,8.51,1.72
14,itabira,100,BR,1603251248,99,-19.62,-43.23,61.47,1.39
15,albany,100,US,1603251098,88,42.6,-73.97,53.01,3.4
16,bredasdorp,0,ZA,1603251225,86,-34.53,20.04,41.0,3.36
17,ponta do sol,40,PT,1603251248,74,38.73,-28.27,59.5,21.99
18,thompson,90,CA,1603251162,85,55.74,-97.86,24.8,1.43
19,punta arenas,100,PH,1603251249,65,8.99,125.34,87.82,2.01
20,ipixuna,20,BR,1603251249,88,-1.76,-48.8,77.0,5.82
21,mataura,23,NZ,1603251249,60,-46.19,168.86,55.99,14.0
22,ancud,0,CL,1603251249,80,-41.87,-73.82,42.01,8.05
23,sibut,100,CF,1603251249,94,5.72,19.07,71.38,2.19
24,east london,40,IS,1603251249,92,65.0,-15.0,23.0,4.7
25,wismar,100,DE,1603251249,97,53.9,11.47,54.0,4.0
26,necochea,0,AR,1603251249,94,-38.55,-58.74,39.99,1.01
27,omsukchan,45,RU,1603251250,92,62.53,155.8,16.3,1.54
28,lompoc,90,US,1603251089,93,34.64,-120.46,57.2,5.82
29,mayumba,100,GA,1603251251,87,-3.43,10.66,76.8,5.68
30,chulumani,100,BO,1603250990,80,-16.41,-67.53,62.17,0.89
31,new norfolk,60,LR,1603251068,98,6.65,-10.59,72.46,2.08
32,ribeira grande,90,ES,1603251251,93,42.75,-8.44,57.99,8.05
33,rikitea,21,PF,1603251251,76,-23.12,-134.97,73.9,9.73
34,bluff,42,NZ,1603251251,60,-46.6,168.33,55.99,14.0
35,hermanus,0,ZA,1603251251,84,-34.42,19.23,51.01,1.99
36,avarua,100,CK,1603251251,88,-21.21,-159.78,75.2,5.82
37,tasiilaq,100,GL,1603251251,97,65.61,-37.64,32.0,13.87
38,hobart,75,AU,1603250956,48,-42.88,147.33,63.0,9.17
39,saskylakh,91,RU,1603251252,96,71.92,114.08,19.4,8.77
40,gogrial,56,SS,1603251252,86,8.53,28.1,71.8,4.99
41,impfondo,72,CG,1603251252,98,1.64,18.07,69.51,1.88
42,artyom,75,AZ,1603251253,82,40.47,50.33,59.0,13.87
43,nikolskoye,90,RU,1603251110,100,59.7,30.79,30.0,2.24
44,ilhabela,22,BR,1603251200,88,-23.78,-45.36,71.06,0.96
45,leshukonskoye,69,RU,1603251253,98,64.9,45.76,23.41,3.74
46,savelugu,0,GH,1603251253,83,9.62,-0.83,76.01,4.12
47,bengkulu,32,ID,1603251253,62,-3.8,102.27,85.55,5.68
48,olafsvik,100,IS,1603251195,80,64.89,-23.71,42.33,12.46
49,gimli,100,CA,1603251253,98,50.63,-96.99,30.0,5.99
50,tuktoyaktuk,90,CA,1603251253,92,69.45,-133.04,23.0,18.34
51,port blair,26,CD,1603251254,72,-7.03,29.76,73.0,3.67
52,novobirilyussy,100,RU,1603251254,84,56.95,90.67,38.97,7.25
53,puerto ayora,75,ES,1603251254,93,36.59,-6.23,66.2,12.75
54,hamilton,90,US,1603251137,93,39.18,-84.53,57.2,5.75
55,trinidad,4,BO,1603251115,65,-14.83,-64.9,76.37,2.53
56,fort nelson,100,NL,1603251254,92,52.65,6.39,55.0,1.99
57,manggar,88,ID,1603251254,74,-2.88,108.27,84.52,7.74
58,esperance,90,AU,1603250980,100,-33.87,121.9,60.8,17.22
59,kapaa,75,US,1603251198,83,22.08,-159.32,79.0,10.29
60,lichuan,19,CN,1603251254,60,30.3,108.85,60.15,3.2
61,guerrero negro,95,MX,1603251254,75,17.67,-100.0,66.79,3.15
62,asau,1,RO,1603251206,100,46.43,26.4,39.2,11.41
63,codrington,43,AU,1603251256,70,-38.27,141.97,57.97,10.29
64,butaritari,49,KI,1603251256,73,3.07,172.79,82.49,8.52
65,matagami,20,CA,1603251256,100,49.75,-77.63,26.6,2.24
66,kaitangata,56,NZ,1603251044,59,-46.28,169.85,52.99,6.31
67,qaanaaq,68,GL,1603251127,83,77.48,-69.36,20.37,5.84
68,upernavik,100,GL,1603251130,98,72.79,-56.15,31.98,1.9
69,alice springs,1,US,1603251187,94,27.75,-98.07,75.2,3.36
70,carnarvon,75,AU,1603251257,57,-24.87,113.63,75.2,18.34
71,guerrero,95,MX,1603251254,75,17.67,-100.0,66.79,3.15
72,drumheller,81,CA,1603251257,72,51.46,-112.71,28.0,3.0
73,jalu,0,LY,1603251199,73,29.03,21.55,62.37,9.91
74,brookings,90,US,1603251182,100,44.31,-96.8,35.6,13.87
75,nanortalik,100,GL,1603250979,91,60.14,-45.24,35.13,18.1
76,nome,90,US,1603251258,80,64.5,-165.41,41.0,4.7
77,oistins,40,BB,1603251170,83,13.07,-59.53,80.6,6.93
78,jamestown,90,US,1603251058,100,42.1,-79.24,48.99,5.82
79,adrar,0,MR,1603251258,19,20.5,-10.07,80.6,4.9
80,samarai,90,PG,1603251258,79,-10.62,150.67,81.3,10.51
81,luanda,75,AO,1603251181,83,-8.84,13.23,75.2,6.93
82,zlitan,2,LY,1603251216,67,32.47,14.57,66.06,4.34
83,eydhafushi,96,MV,1603251258,78,5.1,73.07,82.72,13.78
84,katete,94,UG,1603251258,97,-0.78,29.75,61.77,2.57
85,fereydun kenar,0,IR,1603251258,25,34.37,46.92,37.4,4.7
86,port-gentil,100,GA,1603251001,85,-0.72,8.78,78.28,13.35
87,sabha,20,LY,1603250971,65,27.04,14.43,65.66,11.88
88,shadegan,0,IR,1603251259,54,30.65,48.66,60.8,7.31
89,batagay,83,RU,1603251259,92,67.63,134.63,11.19,3.15
90,havre,100,FR,1603251259,93,49.58,0.33,57.2,12.75
91,popondetta,100,PG,1603251259,52,-8.75,148.25,89.35,5.82
92,bandarbeyla,3,SO,1603251259,63,9.49,50.81,80.64,12.68
93,abapo,97,BO,1603251259,96,-18.83,-63.47,65.28,1.43
94,mackay,2,AU,1603251062,51,-21.15,149.2,84.2,16.11
95,sitka,90,US,1603251259,86,57.05,-135.33,41.0,3.36
96,penarroya-pueblonuevo,35,ES,1603251260,77,38.3,-5.27,62.6,10.29
97,mount isa,100,GB,1603251260,96,53.66,-1.85,55.99,3.0
98,bethel,54,US,1603251165,97,41.37,-73.41,60.01,0.51
99,verkhoyansk,91,RU,1603251186,87,67.54,133.38,10.22,2.93
100,shakawe,0,BW,1603251260,24,-18.37,21.85,67.12,6.04
101,turukhansk,100,RU,1603251260,97,65.82,87.98,20.75,12.06
102,fortuna,1,US,1603251163,87,40.6,-124.16,57.0,11.41
103,husavik,40,IS,1603251260,92,66.04,-17.34,24.8,4.7
104,juneau,75,US,1603251178,80,58.3,-134.42,39.0,10.29
105,svetlogorsk,100,BY,1603251211,84,52.63,29.73,41.18,9.04
106,hilo,90,US,1603251260,58,19.73,-155.09,82.4,6.93
107,chongwe,0,ZM,1603251260,35,-15.33,28.68,69.48,4.63
108,saint-philippe,7,RE,1603251260,50,-21.36,55.77,75.99,4.7
109,kahului,20,US,1603251261,38,20.89,-156.47,89.6,8.05
110,angoche,0,MZ,1603251261,80,-16.23,39.91,75.45,5.12
111,norman wells,75,US,1603251261,88,35.22,-97.44,68.0,8.05
112,vaini,75,TO,1603251261,69,-21.2,-175.2,75.2,9.17
113,cidreira,63,BR,1603251261,95,-30.18,-50.21,67.84,6.17
114,busselton,18,AU,1603251261,34,-33.65,115.33,73.99,8.79
115,kashi,0,CN,1603251261,23,39.45,75.98,53.6,8.95
116,kalmunai,13,LK,1603251004,55,7.42,81.82,87.39,3.62
117,vostok,100,RU,1603251262,43,46.49,135.88,53.37,6.2
118,san cristobal,0,ML,1603251132,54,13.3,-4.9,78.66,5.79
119,hasaki,40,JP,1603251168,55,35.73,140.83,68.0,14.99
120,souillac,75,MU,1603251262,69,-20.52,57.52,77.0,12.75
121,hofn,20,IS,1603251174,74,64.25,-15.21,35.65,5.99
122,luderitz,0,NA,1603251139,42,-26.65,15.16,61.97,11.74
123,buraydah,0,SA,1603251262,41,26.33,43.98,59.0,5.82
124,dikson,93,RU,1603251126,97,73.51,80.55,24.62,4.63
125,eyl,0,SO,1603251262,74,7.98,49.82,80.62,8.25
126,santa fe,100,PH,1603251262,73,17.49,120.43,86.02,3.2
127,litoral del san juan,85,BR,1603251262,95,-30.01,-50.16,67.82,3.76
128,padang,90,ID,1603251247,58,-0.95,100.35,86.9,6.13
129,lebu,0,CL,1603250970,79,-37.62,-73.65,48.76,16.8
130,hithadhoo,42,MV,1603251264,79,-0.6,73.08,82.27,13.4
131,college,90,US,1603251264,85,64.86,-147.8,23.0,0.29
132,cape town,11,CL,1603251264,71,-36.41,-71.9,51.8,5.82
133,partizanskoye,100,RU,1603251264,76,55.5,94.39,40.66,8.63
134,atuona,80,PF,1603250986,76,-9.8,-139.03,77.86,15.82
135,khatanga,81,RU,1603251264,95,71.97,102.5,7.23,8.12
136,longyearbyen,40,SJ,1603251264,68,78.22,15.64,26.6,4.7
137,port hardy,26,CD,1603251254,72,-7.03,29.76,73.0,3.67
138,half moon bay,87,LR,1603251264,91,6.38,-10.7,75.51,1.28
139,tanout,0,NE,1603251264,16,14.97,8.89,80.04,7.09
140,mahuva,12,IN,1603251264,65,21.09,71.76,87.24,8.68
141,qaqortoq,100,GL,1603251264,95,60.72,-46.03,32.0,2.24
142,faanui,10,PF,1603251263,79,-16.48,-151.75,79.18,13.69
143,matai,97,TZ,1603251265,71,-8.3,31.52,63.21,4.43
144,verkhnevilyuysk,82,RU,1603251265,93,63.45,120.32,23.7,4.27
145,barrow,90,US,1603251002,86,71.29,-156.79,28.4,12.75
146,vilhena,69,BR,1603251265,86,-12.74,-60.15,70.86,1.7
147,port alfred,26,CD,1603251254,72,-7.03,29.76,73.0,3.67
148,aklavik,90,CA,1603251123,92,68.22,-135.01,23.0,10.29
149,torbay,75,CA,1603251250,93,47.67,-52.73,59.0,16.11
150,kultuk,86,RU,1603251265,58,51.72,103.7,40.33,3.65
151,jevnaker,75,NO,1603251265,100,60.24,10.38,39.99,1.12
152,gunjur,100,GM,1603251266,84,13.2,-16.73,81.59,10.51
153,champerico,100,GT,1603251266,99,14.3,-91.92,64.99,5.26
154,maniitsoq,100,GL,1603251266,88,65.42,-52.9,33.98,21.83
155,gandai,0,IN,1603251266,62,21.67,81.1,82.54,6.33
156,alofi,100,NU,1603251266,84,-19.06,-169.92,74.91,22.35
157,pevek,79,RU,1603251184,95,69.7,170.31,30.67,13.49
158,dingle,50,PH,1603251027,79,11.0,122.67,84.61,16.24
159,wilson,1,US,1603251063,100,36.15,-86.28,60.8,3.36
160,sarai alamgir,3,RU,1603251267,97,53.75,41.02,31.33,10.92
161,klaksvik,22,FO,1603251207,69,62.23,-6.59,41.0,6.93
162,iglesias,20,IT,1603251267,77,39.31,8.54,66.2,13.87
163,grand-santi,97,GF,1603251267,78,4.25,-54.38,75.78,4.03
164,rawson,0,AR,1603251191,57,-43.3,-65.1,50.68,15.99
165,krasnyy mayak,100,RU,1603251236,84,54.57,31.43,36.84,8.7
166,clyde river,100,US,1603251267,94,41.3,-82.98,51.01,9.84
167,chuy,100,UY,1603251169,72,-33.7,-53.46,58.01,13.6
168,mar del plata,20,ES,1603251267,52,43.4,-4.01,69.8,18.34
169,bulgan,0,MN,1603251268,74,48.81,103.53,34.29,4.52
170,brae,100,GB,1603251198,81,60.4,-1.35,48.2,28.86
171,pahrump,0,US,1603251268,22,36.21,-115.98,66.99,2.86
172,praia da vitoria,96,CV,1603251268,83,14.92,-23.51,78.8,8.05
173,broome,90,US,1603251218,100,42.25,-75.83,51.01,3.36
174,port elizabeth,26,CD,1603251268,72,-7.03,29.76,73.0,3.67
175,paungde,100,MM,1603251268,98,18.48,95.5,74.48,2.55
176,sao joao da barra,0,IN,1603251268,71,20.51,76.21,79.72,3.44
177,victoria,33,HK,1603251129,65,22.29,114.16,79.0,3.0
178,vestmannaeyjar,100,IS,1603251147,71,63.44,-20.27,38.53,3.51
179,tomatlan,79,MX,1603251268,91,19.93,-105.25,77.67,0.76
180,sarai mir,3,RU,1603251267,97,53.75,41.02,31.33,10.92
181,namibe,100,AO,1603251269,85,-15.2,12.15,68.59,9.26
182,westport,90,US,1603251212,100,41.14,-73.36,63.0,0.81
183,mataram,40,ID,1603251072,62,-8.58,116.12,89.6,12.75
184,rostock,75,DE,1603251269,100,54.09,12.14,54.0,6.93
185,mbarara,94,UG,1603251269,93,-0.61,30.65,63.39,3.47
186,mount gambier,100,GB,1603251260,96,53.66,-1.85,55.99,3.0
187,harindanga,40,IN,1603251269,83,22.04,88.32,84.2,10.29
188,kachiry,1,KZ,1603251270,45,53.07,76.1,51.21,11.41
189,yellowknife,20,CA,1603251270,92,62.46,-114.35,23.0,6.93
190,najran,0,SA,1603251270,29,17.49,44.13,60.8,4.7
191,lagoa,63,PT,1603251024,67,39.05,-27.98,63.27,24.87
192,tuatapere,54,NZ,1603251259,60,-46.13,167.68,55.99,14.0
193,newport,100,GB,1603251270,98,51.59,-3.0,60.01,3.33
194,talnakh,44,RU,1603251270,92,69.49,88.4,6.8,2.24
195,georgetown,20,MY,1603251270,66,5.41,100.34,86.0,4.7
196,petauke,0,ZM,1603251270,48,-14.24,31.33,71.73,6.69
197,taraza,99,CO,1603251134,87,7.58,-75.4,74.44,3.02
198,lermontovka,100,RU,1603251270,58,47.15,134.34,55.35,14.94
199,peniche,3,PT,1603251221,88,39.36,-9.38,61.0,7.0
200,komsomolskiy,0,UZ,1603251265,24,40.43,71.72,57.2,6.93
201,iqaluit,90,CA,1603251271,96,63.75,-68.51,32.0,14.99
202,kodinsk,100,RU,1603251271,90,58.69,99.18,34.3,3.85
203,jaguariaiva,0,BR,1603251271,99,-24.25,-49.71,64.99,5.01
204,kozhevnikovo,88,RU,1603251271,71,56.26,83.97,44.01,12.06
205,provideniya,90,RU,1603251271,93,64.38,-173.3,42.8,6.71
206,saint-joseph,4,RE,1603251272,50,-21.37,55.62,75.99,4.7
207,northam,100,GB,1603251272,92,51.03,-4.22,57.0,5.99
208,shetpe,100,KZ,1603251272,61,44.17,52.12,49.05,8.39
209,bletchley,100,GB,1603251272,97,51.99,-0.73,57.99,3.0
210,gat,9,IL,1603251272,100,31.61,34.76,73.0,2.44
211,cap-aux-meules,75,CA,1603251273,81,47.38,-61.86,53.6,18.34
212,tessalit,0,ML,1603251273,18,20.2,1.01,77.65,8.77
213,carutapera,44,BR,1603251160,86,-1.2,-46.02,76.96,6.4
214,kupang,40,ID,1603251273,59,-10.17,123.58,91.4,9.17
215,matamoros,25,MX,1603251273,42,25.53,-103.25,72.1,5.77
216,uhlove,0,UA,1603251273,59,44.82,33.6,50.11,8.32
217,berlevag,20,NO,1603251159,81,70.86,29.09,33.8,4.7
218,wanning,74,CN,1603251273,73,18.8,110.4,77.56,15.3
219,ayer itam,94,ES,1603251273,100,43.12,-5.58,57.0,5.01
220,kirakira,67,SB,1603251179,66,-10.45,161.92,84.43,8.19
221,amapa,4,BR,1603251208,89,1.0,-52.0,73.42,3.04
222,boda,99,CF,1603251275,95,4.32,17.47,70.0,0.27
223,dong xoai,100,CM,1603251275,97,4.89,12.01,68.74,3.38
224,roald,100,NO,1603251275,87,62.58,6.13,42.8,14.99
225,kavaratti,20,IN,1603251087,78,10.57,72.64,82.4,5.82
226,tyrma,100,RU,1603251275,68,50.08,132.17,44.92,8.23
227,ambon,40,ID,1603251275,66,-3.7,128.18,87.8,6.93
228,rockhampton,75,AU,1603251275,77,-23.38,150.5,69.8,19.46
229,setubal,20,PT,1603251275,93,38.52,-8.89,60.8,5.82
230,usa river,79,TZ,1603251102,80,-3.37,36.85,64.24,3.53
231,yulara,0,AU,1603251006,16,-25.24,130.99,95.0,8.05
232,lata,21,PT,1603251276,91,40.16,-8.33,60.01,7.0
233,ahipara,100,NZ,1603251277,69,-35.17,173.17,64.45,5.7
234,gigmoto,65,PH,1603251277,69,13.78,124.39,86.83,12.84
235,garowe,0,SO,1603251278,72,8.41,48.48,77.7,6.76
236,takoradi,99,GH,1603251109,91,4.88,-1.76,75.79,7.0
237,reconquista,60,AR,1603251278,87,-29.15,-59.65,65.08,11.54
238,paamiut,98,GL,1603251278,88,61.99,-49.67,34.45,7.65
239,mogadishu,39,SO,1603251278,80,2.04,45.34,79.74,11.61
240,nhulunbuy,2,AU,1603251211,62,-12.23,136.77,86.0,12.75
241,kaeo,98,NZ,1603251222,66,-35.1,173.78,68.0,13.0
242,nago,40,JP,1603251278,66,26.59,127.98,84.2,20.8
243,clarence town,90,US,1603251279,81,42.98,-78.59,48.99,9.17
244,ust-nera,47,RU,1603251279,87,64.57,143.2,12.49,2.84
245,hobyo,4,SO,1603251279,82,5.35,48.53,80.31,11.65
246,port lincoln,26,CD,1603251279,72,-7.03,29.76,73.0,3.67
247,glenwood springs,90,US,1603251279,100,41.54,-87.6,51.01,10.29
248,kloulklubed,90,PW,1603251279,74,7.04,134.26,84.2,9.17
249,anadyr,92,RU,1603251199,75,64.75,177.48,42.8,15.66
250,temuco,0,CL,1603251279,93,-38.73,-72.6,46.4,4.7
251,severo-kurilsk,58,RU,1603251066,66,50.68,156.12,42.12,30.09
252,cherskiy,95,RU,1603251279,97,68.75,161.3,21.67,2.35
253,barcelos,75,PT,1603251196,100,41.54,-8.62,59.0,9.17
254,samana,51,DO,1603251279,79,19.21,-69.34,75.96,1.92
255,arraial do cabo,75,BR,1603251279,83,-22.84,-46.65,69.8,3.36
256,kodiak,1,US,1603251279,45,57.79,-152.41,44.6,8.05
257,gizo,96,SB,1603251280,73,-8.1,156.84,83.23,12.39
258,blackwater,76,AU,1603251280,41,-23.58,148.88,85.51,10.74
259,medvedka,98,RU,1603251280,96,61.16,46.39,27.37,9.46
260,uzyn,77,UA,1603251280,86,49.83,30.41,41.0,4.47
261,shu,0,KZ,1603251167,25,43.6,73.76,64.63,7.96
262,muros,57,ES,1603251280,92,42.78,-9.06,57.99,8.99
263,muroto,75,JP,1603251280,57,33.28,134.15,77.0,6.93
264,taywarah,0,AF,1603251281,41,33.35,64.42,44.92,5.14
265,san carlos de bariloche,0,ML,1603251003,54,13.3,-4.9,78.66,5.79
266,balabac,97,PH,1603251282,74,7.99,117.06,84.88,15.28
267,pecos,1,US,1603251282,50,31.42,-103.49,77.0,10.29
268,igede,25,NG,1603251282,74,10.05,5.94,73.36,2.59
269,marawi,99,PH,1603251282,76,8.0,124.29,84.99,7.0
270,petropavlovka,53,RU,1603251282,61,50.61,105.32,37.53,6.22
271,enshi,4,CN,1603251282,54,30.3,109.48,70.2,0.56
272,sioux lookout,90,US,1603251282,93,42.73,-96.23,42.01,5.26
273,kavieng,99,PG,1603251282,81,-2.57,150.8,81.01,10.67
274,kununurra,15,AU,1603251282,37,-15.77,128.73,98.6,10.29
275,pisco,7,PE,1603251282,82,-13.7,-76.22,64.0,5.82
276,kathmandu,20,NP,1603251101,77,27.72,85.32,69.8,3.36
277,pangnirtung,100,CA,1603251282,94,66.15,-65.71,24.42,2.44
278,zhoucheng,0,CN,1603251283,23,35.91,116.31,66.94,14.9
279,taunggyi,36,MM,1603251283,71,20.78,97.03,72.91,4.21
280,ayagoz,0,KZ,1603251283,34,47.97,80.44,52.68,1.52
281,saint-francois,100,FR,1603251283,55,46.42,3.91,63.0,23.04
282,nelson bay,0,NZ,1603251283,51,-41.28,173.28,69.01,5.99
283,vanimo,100,PG,1603250990,73,-2.67,141.3,83.97,1.68
284,mys shmidta,94,RU,1603251283,97,62.06,48.62,25.45,6.13
285,hirara,75,JP,1603251283,94,24.8,125.28,78.8,16.11
286,tiksi,71,RU,1603251230,92,71.69,128.87,8.38,8.48
287,ballina,0,AU,1603251283,53,-28.87,153.57,78.01,13.87
288,esmeraldas,90,BR,1603251269,93,-19.76,-44.31,64.4,3.36
289,chokurdakh,59,RU,1603251285,95,70.63,147.92,8.44,5.19
290,celestun,2,MX,1603251286,87,20.87,-90.4,78.66,8.01
291,samarkand,0,UZ,1603251257,57,39.65,66.96,50.0,2.24
292,atar,0,MR,1603251286,27,20.52,-13.05,83.61,5.64
293,matara,11,LK,1603251227,73,5.95,80.54,83.7,13.22
294,karratha,86,AU,1603251176,25,-20.74,116.85,89.71,18.43
295,tarnos,75,FR,1603251286,49,43.54,-1.46,71.6,11.41
296,nanakuli,40,US,1603251286,74,21.39,-158.15,82.4,8.05
297,japura,95,ID,1603251286,58,-0.32,102.35,93.25,0.22
298,port macquarie,26,CD,1603251254,72,-7.03,29.76,73.0,3.67
299,venado tuerto,2,MX,1603251286,71,22.93,-101.08,63.28,8.1
300,aasiaat,99,GL,1603251286,97,68.71,-52.87,32.25,13.02
301,muisne,100,EC,1603251286,83,0.6,-80.03,75.34,5.93
302,nantucket,90,US,1603251286,96,41.28,-70.1,63.0,4.7
303,jonuta,72,MX,1603251287,96,18.08,-92.13,73.42,5.95
304,xai-xai,99,MZ,1603251287,78,-25.05,33.64,71.65,17.25
305,narsaq,100,GL,1603251287,91,60.92,-46.05,32.0,2.24
306,san patricio,0,ML,1603251003,54,13.3,-4.9,78.66,5.79
307,nioro,82,GM,1603251287,97,13.35,-15.75,76.78,5.17
308,rocky mountain house,1,US,1603251287,77,35.16,-99.06,66.2,11.41
309,kudahuvadhoo,64,MV,1603251211,78,2.67,72.89,82.58,12.91
310,luganville,75,VU,1603251287,74,-15.53,167.17,82.4,6.93
311,bereda,99,ES,1603251287,100,43.27,-7.54,55.99,8.99
312,emerald,40,AU,1603251287,38,-23.53,148.17,89.6,13.87
313,veydelevka,23,RU,1603251287,88,50.15,38.45,35.04,6.91
314,shingu,40,JP,1603251288,53,33.73,135.98,73.4,11.41
315,san quintin,0,ML,1603251003,54,13.3,-4.9,78.66,5.79
316,jiazi,1,CN,1603251288,63,22.88,116.07,79.68,13.22
317,huancabamba,21,PE,1603251288,76,-5.24,-79.45,58.95,5.03
318,santa maria da boa vista,100,PH,1603251056,73,17.49,120.43,86.02,3.2
319,londa,75,IN,1603251288,94,15.47,74.52,71.6,1.9
320,methoni,20,GR,1603251288,93,36.82,21.7,64.0,8.05
321,bangassou,100,CF,1603251288,98,4.74,22.82,70.0,2.46
322,jumla,0,NP,1603251288,25,29.27,82.18,65.39,1.99
323,fare,6,PF,1603251288,78,-16.7,-151.02,79.65,13.18
324,pedernales,100,DO,1603251289,69,18.04,-71.74,79.72,2.33
325,puerto madryn,75,ES,1603251289,93,36.59,-6.23,66.2,12.75
326,caravelas,99,BR,1603251289,94,-17.71,-39.25,72.21,1.41
327,asfi,25,MA,1603251289,87,32.3,-9.24,66.7,14.85
328,sakakah,0,SA,1603251151,19,29.97,40.21,66.2,4.7
329,eureka,8,US,1603251169,53,40.8,-124.16,57.99,8.01
330,omboue,100,GA,1603251289,87,-1.57,9.26,76.59,5.75
331,tamale,1,GH,1603251289,85,9.4,-0.84,75.24,3.42
332,namatanai,70,PG,1603251289,70,-3.67,152.43,83.68,3.69
333,kastamonu,86,TR,1603251289,92,41.5,33.67,45.05,4.32
334,salalah,3,OM,1603251289,50,17.02,54.09,77.0,3.36
335,ituiutaba,100,BR,1603251289,78,-18.97,-49.47,72.64,10.58
336,vestmanna,2,FO,1603251290,75,62.16,-7.17,41.0,6.93
337,yar-sale,100,RU,1603251290,99,66.83,70.83,26.02,4.5
338,kushiro,20,JP,1603251290,62,42.98,144.37,59.0,9.17
339,chapais,90,CA,1603251182,98,49.78,-74.85,32.0,1.45
340,kamienna gora,100,PL,1603251290,87,51.08,17.76,52.0,5.82
341,portland,90,US,1603250460,67,45.52,-122.68,59.0,5.82
342,palimbang,83,PH,1603251290,63,6.21,124.19,86.49,5.14
343,jijiga,0,ET,1603251290,38,9.35,42.8,65.14,7.67
344,vila franca do campo,99,PT,1603251291,95,42.03,-8.16,54.0,11.99
345,gillette,1,US,1603251292,86,44.29,-105.5,34.0,5.82
346,grand river south east,1,US,1603251292,18,38.88,-109.5,60.8,3.36
347,zihuatanejo,38,MX,1603251292,83,17.63,-101.55,81.21,3.31
348,santa isabel do rio negro,100,PH,1603251292,73,17.49,120.43,86.02,3.2
349,katsuura,40,JP,1603251292,55,35.13,140.3,69.01,11.41
350,rundu,1,NA,1603251292,25,-17.93,19.77,66.02,6.06
351,wanxian,61,CN,1603251292,57,30.8,108.39,69.1,2.44
352,biltine,1,TD,1603251292,17,14.53,20.92,78.46,10.87
353,omagh,100,GB,1603251141,95,54.6,-7.3,52.86,8.12
354,erzincan,15,TR,1603251292,93,39.75,39.5,42.8,1.12
355,cabo san lucas,75,BR,1603251292,74,-8.28,-35.03,80.6,12.75
356,port-cartier,5,CA,1603251292,86,50.03,-66.87,37.0,5.82
357,itarema,4,BR,1603251292,79,-2.92,-39.92,78.35,15.73
358,torit,67,SS,1603251292,90,4.41,32.57,70.41,2.28
359,lagos,40,NG,1603251240,94,6.58,3.75,78.8,2.24
360,izhma,99,RU,1603251293,97,65.01,53.91,26.24,3.36
361,ternate,39,ID,1603251293,69,0.8,127.4,84.25,7.76
362,lagunas,100,PE,1603251270,96,-5.23,-75.68,73.74,1.74
363,saint-pierre,1,RE,1603251081,50,-21.34,55.48,75.99,4.7
364,aguimes,75,ES,1603251293,69,27.91,-15.45,73.4,8.05
365,mahebourg,75,MU,1603251176,69,-20.41,57.7,77.0,12.75
366,grand gaube,1,US,1603251292,18,38.88,-109.5,60.8,3.36
367,andenes,12,NO,1603251293,69,69.31,16.12,32.0,12.75
368,cockburn town,2,AU,1603251293,20,-32.08,141.0,78.8,13.87
369,ostrovnoy,100,RU,1603251293,83,68.05,39.51,35.67,12.1
370,pacifica,20,US,1603251294,52,37.61,-122.49,66.2,8.05
371,valdivia,0,CL,1603251200,66,-39.81,-73.25,48.2,4.7
372,nipawin,75,CA,1603251294,63,53.37,-104.0,26.6,3.36
373,laguna,1,US,1603251294,45,38.42,-121.42,72.0,4.45
374,rincon,75,US,1603251294,88,32.3,-81.24,73.4,5.82
375,fairlie,98,GB,1603251294,87,55.76,-4.86,54.0,4.0
376,karymskoye,0,RU,1603251294,72,51.62,114.35,32.61,11.32
377,aswan,0,EG,1603251294,24,24.09,32.91,76.84,8.66
378,farsund,72,NO,1603251294,94,58.09,6.8,54.0,5.59
379,byron bay,90,US,1603251236,100,44.03,-92.65,33.01,3.36
380,koygorodok,100,RU,1603251295,97,60.45,51.0,29.61,9.33
381,minamata,40,JP,1603251295,64,32.22,130.4,73.4,11.41
382,nam tha,59,CN,1603251295,42,29.42,90.91,52.68,3.6
383,manzanillo,99,CU,1603251295,87,20.34,-77.12,75.09,3.13
384,payson,1,US,1603251295,54,40.04,-111.73,57.2,3.06
385,kencong,3,ID,1603251296,67,-8.28,113.37,85.91,8.66
386,fayaoue,0,NC,1603251296,69,-20.65,166.53,76.93,3.96
387,lewistown,1,US,1603251296,100,40.6,-77.57,61.0,2.19
388,vanavara,99,RU,1603251296,95,60.34,102.28,28.71,5.95
389,mango,1,US,1603251233,83,27.98,-82.31,78.01,11.97
390,isangel,75,VU,1603251297,62,-19.55,169.27,84.2,9.17
391,salamiyah,0,SY,1603251297,58,35.01,37.05,58.69,2.44
392,carauari,45,BR,1603251141,91,-4.88,-66.9,74.52,1.9
393,panaba,0,MX,1603251297,93,21.28,-88.27,75.25,3.76
394,osinki,10,RU,1603251297,91,52.84,49.51,33.69,9.46
395,itambacuri,100,BR,1603251297,92,-18.03,-41.69,68.52,2.95
396,zambezi,0,ZM,1603251297,30,-13.54,23.1,62.74,3.47
397,zhigansk,100,RU,1603251111,96,66.77,123.37,19.63,0.92
398,khandyga,100,RU,1603251298,88,62.67,135.6,20.03,5.14
399,kosh-agach,48,RU,1603251298,63,50.0,88.67,37.35,1.83
400,prainha,86,BR,1603251298,71,-1.8,-53.48,79.21,3.8
401,pontianak,57,ID,1603251298,56,-0.03,109.33,91.22,5.64
402,jerico,75,CO,1603251298,100,5.79,-75.79,59.0,3.36
403,perez,100,AR,1603251298,66,-33.0,-60.77,55.99,18.34
404,kirkland lake,75,US,1603251001,71,47.68,-122.21,53.6,3.78
405,inndyr,77,NO,1603251299,55,67.03,14.03,35.6,27.51
406,vysokogornyy,100,RU,1603251299,51,50.12,139.15,47.97,3.62
407,asyut,0,EG,1603251299,68,27.18,31.18,68.0,8.05
408,ivankiv,100,UA,1603251299,100,50.94,29.89,37.4,6.71
409,macae,10,BR,1603251299,90,-22.37,-41.79,69.33,10.04
410,urozhaynoye,13,RU,1603251299,66,44.79,44.92,45.84,8.5
411,alta floresta,36,NO,1603251299,85,69.97,23.27,24.8,10.29
412,makakilo city,40,US,1603251299,74,21.35,-158.09,82.4,8.05
413,benguela,90,AO,1603251299,83,-12.58,13.41,73.2,4.03
414,hasilpur,0,PK,1603251299,14,29.71,72.56,84.02,8.16
415,bambanglipuro,43,ID,1603251299,76,-7.95,110.28,83.1,10.58
416,vuktyl,99,RU,1603251299,99,63.86,57.31,28.13,4.25
417,abha,0,SA,1603251300,25,18.22,42.51,53.6,5.82
418,morden,90,CA,1603251300,100,49.19,-98.1,30.2,4.7
419,suda,75,RU,1603251300,86,59.15,37.56,30.2,6.71
420,dubbo,40,AU,1603251214,36,-32.25,148.62,80.6,9.17
421,valparaiso,0,CL,1603251300,100,-33.04,-71.63,50.0,8.05
422,lincoln,1,US,1603251002,81,40.8,-96.67,42.8,5.73
423,bur gabo,100,DK,1603251300,96,56.37,8.43,55.0,11.21
424,kyaikkami,100,MM,1603251300,80,16.08,97.57,78.64,5.55
425,casma,0,CL,1603251300,86,-41.01,-73.12,39.2,5.82
426,sale,75,MA,1603251300,88,34.04,-6.82,69.01,10.29
427,graham,90,US,1603251300,87,47.05,-122.29,52.0,4.47
428,lorengau,97,PG,1603251300,61,-2.02,147.27,86.31,3.2
429,gorontalo,54,ID,1603251123,50,0.54,123.06,89.24,8.59
430,casablanca,14,MA,1603251129,100,33.59,-7.62,66.2,9.17
431,dalvik,40,IS,1603251301,92,65.97,-18.53,24.8,4.7
432,manali,75,IN,1603251301,79,13.17,80.27,84.2,5.82
433,flinders,40,AU,1603251301,47,-34.58,150.86,82.0,14.99
434,arlit,0,NE,1603251212,14,18.74,7.39,83.86,6.46
435,ardesen,75,TR,1603251301,93,41.19,40.99,60.8,8.05
436,christchurch,22,NZ,1603251035,55,-43.53,172.63,63.0,8.05
437,sao gabriel da cachoeira,0,IN,1603251268,71,20.51,76.21,79.72,3.44
438,brvenica,0,MK,1603251301,93,41.97,20.98,35.6,2.51
439,ahuimanu,90,US,1603251302,94,21.44,-157.84,82.4,9.17
440,fukuma,97,JP,1603251302,44,33.77,130.47,77.0,5.82
441,orlik,40,RU,1603251302,84,52.52,99.83,24.91,3.62
442,kruisfontein,0,ZA,1603251302,88,-34.0,24.73,48.52,5.44
443,sao filipe,0,IN,1603251302,71,20.51,76.21,79.72,3.44
444,sao miguel do araguaia,0,IN,1603251302,71,20.51,76.21,79.72,3.44
445,kenai,1,US,1603251302,69,60.55,-151.26,42.8,5.66
446,kokuy,11,RU,1603251303,75,52.2,117.55,34.63,11.36
447,batagay-alyta,92,RU,1603251303,89,67.8,130.41,12.27,1.9
448,haines junction,20,US,1603251187,40,59.23,-135.44,37.4,6.93
449,perpignan,75,FR,1603251303,88,42.75,2.75,64.4,19.46
450,ueno,20,JP,1603251303,56,34.75,136.13,73.4,9.17
451,barinas,79,VE,1603251303,88,8.62,-70.21,74.35,3.13
452,varzea da palma,11,PT,1603251303,95,39.52,-8.33,59.0,1.99
453,ambulu,9,ID,1603251047,68,-8.35,113.61,85.93,9.19
454,herne bay,100,DE,1603251303,93,51.55,7.22,55.0,1.01
455,pemba,20,MZ,1603251303,94,-12.97,40.52,73.4,5.82
456,sisimiut,100,GL,1603251304,97,66.94,-53.67,32.2,26.31
457,kotelnikovo,2,RU,1603251184,72,47.63,43.15,42.44,7.87
458,malatya,0,TR,1603251304,93,38.5,38.0,44.6,5.82
459,vardo,75,NO,1603251202,77,70.37,31.11,32.0,10.29
460,whitehaven,13,GB,1603251304,88,54.55,-3.58,53.01,10.0
461,poum,1,NC,1603251180,67,-20.23,164.02,75.96,1.48
462,konstantinovka,100,RU,1603251304,42,49.62,127.98,59.38,22.44
463,ponta delgada,40,PT,1603251304,74,38.73,-28.27,59.5,21.99
464,breytovo,71,RU,1603251304,93,58.3,37.86,33.06,12.82
465,mayo,1,US,1603251305,100,38.89,-76.51,62.6,3.36
466,tuensang,28,IN,1603251306,69,26.28,94.83,77.7,0.07
467,viedma,78,AR,1603251024,70,-40.81,-63.0,48.34,10.02
468,lerwick,100,GB,1603251306,81,60.15,-1.15,48.2,28.86
469,katobu,49,ID,1603251306,41,-4.94,122.53,93.94,0.98
470,ankang,27,CN,1603251306,17,32.68,109.02,64.99,2.33
471,kijang,75,KR,1603251099,49,35.24,129.21,69.8,4.7
472,luwingu,100,ZM,1603251246,71,-10.26,29.93,68.9,3.6
473,weleri,40,ID,1603251306,78,-6.97,110.07,80.6,11.41
474,falmouth,100,GB,1603251306,93,50.15,-5.07,55.99,8.05
475,auki,81,SB,1603251307,74,-8.77,160.7,84.27,3.74
476,jacqueville,40,CI,1603251206,94,5.21,-4.41,78.8,6.93
477,hambantota,20,LK,1603251266,94,6.12,81.12,80.6,8.05
478,sorong,26,ID,1603251307,71,-0.88,131.25,83.62,6.22
479,hamina,100,FI,1603251307,86,60.57,27.2,30.99,8.05
480,bure,11,ET,1603251307,91,10.7,37.07,53.98,2.71
481,porto-vecchio,75,FR,1603251067,77,41.59,9.28,62.6,14.99
482,sur,0,OM,1603251156,50,22.57,59.53,81.39,6.76
483,kimbe,84,PG,1603251307,76,-5.55,150.14,84.06,2.19
484,port said,26,CD,1603251254,72,-7.03,29.76,73.0,3.67
485,puerto escondido,75,ES,1603251307,93,36.59,-6.23,66.2,12.75
486,sault sainte marie,98,FR,1603251308,45,44.09,5.41,62.6,8.05
487,villarrica,0,PY,1603251308,65,-25.75,-56.43,73.96,1.99
488,kotaparh,71,IN,1603251308,72,19.15,82.35,78.75,9.73
489,soe,43,ID,1603251308,32,-9.86,124.28,89.1,11.1
490,vila velha,99,PT,1603251308,95,42.03,-8.16,54.0,11.99
491,hay river,100,GB,1603251308,94,52.07,-3.13,57.0,3.91
492,denia,93,ES,1603251086,82,38.84,0.11,68.0,1.01
493,kapuskasing,90,CA,1603251308,92,49.42,-82.43,32.0,4.7
494,morondava,0,MG,1603251308,52,-20.28,44.28,75.29,5.5
495,taltal,16,CL,1603251309,70,-25.4,-70.48,57.72,3.02
496,teya,100,RU,1603251309,94,60.38,92.63,32.16,8.01
497,bubaque,39,GW,1603251309,82,11.28,-15.83,81.37,10.16
498,severnyy,75,RU,1603251309,88,50.68,36.55,32.0,2.24
499,mehamn,20,NO,1603251309,85,71.04,27.85,33.8,4.7
500,ambovombe,0,MG,1603251309,62,-25.17,46.08,75.04,2.8
501,fairbanks,90,US,1603251309,85,64.84,-147.72,23.0,0.4
502,aleksandrov gay,15,RU,1603251309,98,56.4,38.71,29.48,8.66
503,seymchan,36,RU,1603251309,91,62.88,152.43,21.61,4.61
504,pacific grove,100,US,1603251309,96,38.48,-90.74,59.0,7.76
505,beringovskiy,54,RU,1603251217,87,63.05,179.32,40.1,11.48
506,mumford,93,GH,1603251310,90,5.26,-0.76,76.24,9.17
507,gao,0,ML,1603251310,15,16.64,1.64,86.94,6.78
508,leningradskiy,37,RU,1603251175,85,69.38,178.42,34.81,8.41
509,tacuarembo,100,UY,1603251310,76,-31.73,-55.98,56.12,15.88
510,mushie,100,CD,1603251310,97,-3.02,16.9,71.15,4.74
511,yarmouth,90,US,1603251145,100,41.71,-70.23,64.99,3.36
512,sabang,19,ID,1603251310,73,5.89,95.32,83.71,13.87
513,baykit,100,RU,1603251310,94,61.67,96.37,28.17,2.75
514,bathsheba,40,BB,1603251310,83,13.22,-59.52,80.6,6.93
515,kombissiri,6,BF,1603251311,65,12.07,-1.34,78.8,9.17
516,moramanga,57,MG,1603251311,82,-18.93,48.2,63.81,3.06
517,odienne,20,CI,1603251311,89,9.51,-7.57,71.31,1.41
518,new glasgow,60,LR,1603251068,98,6.65,-10.59,72.46,2.08
519,petropavlovsk-kamchatskiy,0,RU,1603251234,36,53.05,158.65,44.6,17.9
520,sambava,100,MG,1603251311,72,-14.27,50.17,76.62,16.33
521,ormara,0,PK,1603251311,23,25.21,64.64,80.94,13.2
522,pilar,75,BR,1603251311,94,-9.6,-35.96,71.6,0.49
523,punta de bombon,100,PH,1603251311,65,8.99,125.34,87.82,2.01
524,gallup,1,US,1603251311,15,35.53,-108.74,50.0,3.36
525,marevo,100,RU,1603251311,93,57.31,32.08,33.39,4.32
526,ibarra,75,EC,1603251311,93,0.35,-78.12,55.4,1.12
527,agadir,37,MA,1603251312,73,30.42,-9.6,69.8,2.91
528,srikakulam,38,IN,1603251309,71,18.3,83.9,85.35,6.76
529,tornio,90,FI,1603251312,100,65.85,24.15,21.2,5.82
530,port hedland,26,CD,1603251313,72,-7.03,29.76,73.0,3.67
531,goderich,100,CA,1603251313,85,43.75,-81.72,46.0,20.2
